[
  {
    "uri": "/",
    "title": "KoolAir Pumps - Superior Marine HVAC Coolant Pumps | Home",
    "metaDescription": "Upgrade to KoolAir Pumps for reliable marine HVAC. Prevent clogged strainers and enjoy uninterrupted cooling with our PM500. Learn more!"
  },
  {
    "uri": "/contact-us",
    "title": "Contact Us |KoolAir Pumps",
    "metaDescription": "Reach out to KoolAir Pumps for top-notch marine HVAC Pump solutions. Contact us today to learn more about our products or get support for your cooling needs."
  },
  {
    "uri": "/faq",
    "title": "KoolAir Pumps FAQ - Your Questions Answered | KoolAir",
    "metaDescription": "Find answers to your KoolAir Pumps queries. Learn about our unique dry run protection, interchangeable bases, and how our PM500 stands out from the competition."
  },
  {
    "uri": "/what-is-a-koolair-pump",
    "title": "What is a KoolAir Pump? - Marine HVAC Coolant Pumps Explained",
    "metaDescription": "Discover the robust features of KoolAir Marine Pumps with Run Dry Protection. Our ETL listed pumps ensure safe operation without damage, even when clogged."
  },
  {
    "uri": "/collections/pm-1000-series",
    "title": "PM 1000 Series Coolant Pumps | Seawater HVAC Solutions - Koolair",
    "metaDescription": "Explore the PM 1000 Series by KoolAir, the ultimate seawater circulation pumps for boat HVAC systems. Robust, reliable, and designed for optimal cooling performance."
  },
  {
    "uri": "/collections/pm-300-series",
    "title": "PM 300 Series Coolant Pumps | Seawater HVAC Solutions - Koolair",
    "metaDescription": "Discover the PM 300 Series from KoolAir - dependable marine coolant pumps designed for efficient HVAC system performance on your boat."
  },
  {
    "uri": "/about-us",
    "title": "About KoolAir Pumps - Over 40 Years of HVAC Pump Innovation",
    "metaDescription": "Learn about KoolAir Pumps' 40-year journey in fluid handling, leading to our revolutionary run dry protection in marine AC coolant pumps."
  },
  {
    "uri": "/datasheets",
    "title": "KoolAir Pumps Datasheets - Access Manuals and Technical Specs",
    "metaDescription": "Find all the technical details you need with KoolAir Pumps datasheets. Access manuals and specs for the PM500, TPM1000, PM1000, SPM1000, and PM300 series."
  },
  {
    "uri": "/collections/koolair-replacement-parts",
    "title": "KoolAir Replacement Parts - Maintain Your HVAC Pumps | KoolAir",
    "metaDescription": "Keep your KoolAir pumps running smoothly with official replacement parts. Browse our collection of quality components to ensure optimal performance of your HVAC system."
  },
  {
    "uri": "/warranty",
    "title": "Koolair Pumps Warranty Information | KoolAir",
    "metaDescription": "Review the warranty information for Koolair Pumps. Understand your product's protection and how to proceed with any claims. Contact us for more assistance."
  },
  {
    "uri": "/collections/pm-500-series",
    "title": "PM 500 Series Coolant Pumps | Seawater HVAC Solutions - Koolair",
    "metaDescription": "Explore the PM 500 Series by Koolair, designed for efficient seawater circulation in marine HVAC systems. Find the perfect coolant pump for your boat HVAC needs."
  },
  {
    "uri": "/terms-and-conditions",
    "title": "Terms and Conditions of Use | Koolair Pumps",
    "metaDescription": "Review the terms and conditions for using the Koolair Pumps website. Understand your rights and responsibilities as a user of our services and products."
  },
  {
    "uri": "/collections/tpm-1000-series",
    "title": "TPM 1000 Series Coolant Pumps | Seawater HVAC Solutions - Koolair",
    "metaDescription": "Discover the TPM 1000 Series from Koolair, engineered for optimal seawater circulation in boat HVAC systems. Ensure peak performance with our advanced coolant pumps."
  },
  {
    "uri": "/koolair-lifestyle",
    "title": "Koolair Lifestyle - Enjoy Boating Without the Worry",
    "metaDescription": "Embrace the Koolair Lifestyle with confidence. Our pumps feature exclusive 'run dry protection' for a worry-free boating experience."
  },
  {
    "uri": "/collections/spm-1000-series",
    "title": "SPM 1000 Series Coolant Pumps | Seawater HVAC Solutions - Koolair",
    "metaDescription": "Explore the SPM 1000 Series, Koolair's premier seawater circulation pumps for boat HVAC systems. Delivering reliable cooling performance for marine applications."
  },
  {
    "uri": "/search",
    "title": "Search | Find Your Koolair Pump",
    "metaDescription": "Use the Koolair Pumps search page to quickly find detailed product information, datasheets, and support for all our marine HVAC pump solutions."
  },
  {
    "uri": "/sign-in",
    "title": "Sign In | Koolair Pumps Account Login",
    "metaDescription": "Access your Koolair Pumps account securely. Sign in to manage your orders, access product information, and more. Your gateway to marine HVAC solutions."
  },
  {
    "uri": "/products/koolair-pm500-230v",
    "title": "KoolAir PM500-230v Submersible Marine HVAC Pump",
    "metaDescription": "Discover the KoolAir PM500-230v, a submersible marine HVAC pump ideal for air conditioning and fountain displays."
  },
  {
    "uri": "/products/pm1000-we",
    "title": "PM1000 Wet End Kit - Run Dry Capable | Koolair Marine HVAC Pump",
    "metaDescription": "Upgrade your Koolair Marine HVAC Pump with the PM1000 Wet End Kit. Includes a run-dry capable marine base and O-ring, interchangeable with competitors' bases."
  },
  {
    "uri": "/products/ka500-23",
    "title": "KOOLAIR PM500 Silicone O-Ring | KoolAir",
    "metaDescription": "Enhance your KOOLAIR PM500 pump with a silicone O-ring for improved sealing and reliability. Upgrade your marine HVAC system today."
  },
  {
    "uri": "/products/ka500-21",
    "title": "KOOLAIR PM500 Stainless Steel Screws (Qty: 4) | KoolAir",
    "metaDescription": "Upgrade your KOOLAIR PM500 pump with a set of four stainless steel screws for improved durability. Enhance your marine HVAC system with these high-quality screws."
  },
  {
    "uri": "/products/ka500-24",
    "title": "KOOLAIR PM500 Ceramic Washer & Shaft | KoolAir",
    "metaDescription": "Upgrade your KOOLAIR PM500 pump with a ceramic washer and shaft for enhanced performance. Improve your marine HVAC system with this high-quality component."
  },
  {
    "uri": "/products/ka500-22",
    "title": "KOOLAIR PM500 Reinforced PP Front Cover | KoolAir",
    "metaDescription": "Upgrade your KOOLAIR PM500 pump with a reinforced polypropylene (PP) front cover for enhanced durability."
  },
  {
    "uri": "/products/koolair-pm1000-230v",
    "title": "KoolAir PM1000-230v Marine HVAC Coolant Pump | KoolAir",
    "metaDescription": "The KoolAir PM1000-230v is a high-performance marine HVAC coolant pump, perfect for air conditioning seawater circulation in boats. Featuring run-dry protection, ETL certification, and a powerful 230V motor."
  },
  {
    "uri": "/products/pm500-we",
    "title": "Koolair Marine HVAC Pump Wet End Kit | KoolAir",
    "metaDescription": "Enhance your Koolair Marine HVAC Pump with this Wet End Kit, including a standard marine base and O-ring."
  },
  {
    "uri": "/products/ka500-28",
    "title": "KOOLAIR PM500 Stainless Steel Screws (Qty: 2) | KoolAir",
    "metaDescription": "Upgrade your KOOLAIR PM500 pump with a set of two stainless steel screws for enhanced durability. Improve your marine HVAC system with these high-quality screws."
  },
  {
    "uri": "/products/ka500-27",
    "title": "KOOLAIR PM500 Rubber O-Rings (Qty: 2) | KoolAir",
    "metaDescription": "Enhance your KOOLAIR PM500 pump with a set of two rubber O-rings for improved sealing. Improve your marine HVAC system with these high-quality O-rings."
  },
  {
    "uri": "/products/ka500-25",
    "title": "KOOLAIR PM500 Impeller - Carbon & PP | KoolAir",
    "metaDescription": "Enhance your KOOLAIR PM500 pump with an impeller featuring carbon bush interior & reinforced PP exterior. Elevate your marine HVAC system."
  },
  {
    "uri": "/products/ka500-26",
    "title": "KOOLAIR PM500 Rear Housing - Reinforced PP | KoolAir",
    "metaDescription": "Upgrade your KOOLAIR PM500 pump with a reinforced polypropylene (PP) rear housing. Enhance your marine HVAC system with this high-quality component."
  },
  {
    "uri": "/products/kat1000-21",
    "title": "KOOLAIR TPM/SPM Stainless Steel Screws (Qty: 7) | KoolAir",
    "metaDescription": "Enhance your TPM/SPM KOOLAIR pumps with a set of seven stainless steel screws. Improve your marine HVAC system with these high-quality screws."
  },
  {
    "uri": "/products/kat1000-22",
    "title": "KOOLAIR TPM/SPM Reinforced PP Front Cover | KoolAir",
    "metaDescription": "Upgrade your TPM/SPM KOOLAIR pumps with a reinforced polypropylene (PP) front cover. Improve your marine HVAC system with this high-quality component."
  },
  {
    "uri": "/products/koolair-tpm1000",
    "title": "KoolAir TPM1000 Marine HVAC Pump | KoolAir",
    "metaDescription": "Discover the KoolAir TPM1000 dual voltage marine HVAC pump. Ideal for marine air conditioning, it offers 17 GPM flow and ISO 8846 Marine Ignition Protection."
  },
  {
    "uri": "/products/ka500-31",
    "title": "KOOLAIR PM500 Reinforced PP Base | KoolAir",
    "metaDescription": "Upgrade your KOOLAIR PM500 pump with a reinforced polypropylene (PP) base. Enhance your marine HVAC system with this high-quality component."
  },
  {
    "uri": "/products/ka500-29",
    "title": "KOOLAIR Pumps (PM500) FERRITE CERAMIC - DRIVER MAGNET & EPOXY MOTOR",
    "metaDescription": "Enhance your KOOLAIR PM500 pump with a Ferrite Ceramic Driver Magnet & Epoxy Motor. Improve your marine HVAC system with this high-quality component."
  },
  {
    "uri": "/products/ka500-30",
    "title": "KOOLAIR PM500 Reinforced PP Freeze Plug (Qty: 2) | KoolAir",
    "metaDescription": "Upgrade your KOOLAIR PM500 pump with two reinforced polypropylene (PP) freeze plugs. Enhance your marine HVAC system with these high-quality components."
  },
  {
    "uri": "/products/ka500-33",
    "title": "KOOLAIR PM500 Rubber Grommets (Qty: 2) | KoolAir",
    "metaDescription": "Upgrade your KOOLAIR PM500 pump with two rubber grommets for improved sealing. Enhance your marine HVAC system with these high-quality components."
  },
  {
    "uri": "/products/ka1000-26",
    "title": "KOOLAIR PM1000 Reinforced PP Rear Housing | KoolAir",
    "metaDescription": "Upgrade your KOOLAIR PM1000 pump with a reinforced polypropylene (PP) rear housing. Enhance your marine HVAC system with this high-quality component."
  },
  {
    "uri": "/products/ka1000-27",
    "title": "KOOLAIR PM1000 Reinforced PP Magnet | KoolAir",
    "metaDescription": "Upgrade your KOOLAIR PM1000 pump with a reinforced polypropylene (PP) magnet. Enhance your marine HVAC system with this high-quality component."
  },
  {
    "uri": "/products/ka1000-28",
    "title": "KOOLAIR PM1000 Reinforced PP Bracket | KoolAir",
    "metaDescription": "Upgrade your KOOLAIR PM1000 pump with a reinforced polypropylene (PP) bracket. Enhance your marine HVAC system with this high-quality component."
  },
  {
    "uri": "/products/ka1000-25",
    "title": "KOOLAIR PM1000 Impeller - Carbon & PP | KoolAir",
    "metaDescription": "Upgrade your KOOLAIR PM1000 pump with an impeller featuring carbon bush interior & reinforced PP exterior. Enhance your marine HVAC system."
  },
  {
    "uri": "/products/ka1000-24",
    "title": "KOOLAIR PM1000 Ceramic Washer & Shaft | KoolAir",
    "metaDescription": "Upgrade your KOOLAIR PM1000 pump with a ceramic washer and shaft. Enhance your marine HVAC system with this high-quality component."
  },
  {
    "uri": "/products/ka1000-21",
    "title": "KOOLAIR PM1000 Stainless Steel Screws (Qty: 7) | KoolAir",
    "metaDescription": "Upgrade your KOOLAIR PM1000 pump with a set of seven stainless steel screws. Enhance your marine HVAC system with these high-quality screws."
  },
  {
    "uri": "/products/koolair-spm1000-115v",
    "title": "Koolair SPM1000-115V Marine HVAC Pump | KoolAir",
    "metaDescription": "Discover the Koolair SPM1000-115V, a submersible marine HVAC coolant pump that circulates seawater. With run-dry protection and ISO 8846 Marine Ignition Protection."
  },
  {
    "uri": "/products/ka1000-23",
    "title": "KOOLAIR PM1000 Rubber O-Ring | KoolAir",
    "metaDescription": "Upgrade your KOOLAIR PM1000 pump with a rubber O-ring for improved sealing. Enhance your marine HVAC system with this high-quality component."
  },
  {
    "uri": "/products/ka1000-22",
    "title": "KOOLAIR PM1000 Reinforced PP Front Cover | KoolAir",
    "metaDescription": "Upgrade your KOOLAIR PM1000 pump with a reinforced polypropylene (PP) front cover. Enhance your marine HVAC system with this high-quality component."
  },
  {
    "uri": "/products/koolair-pm500-115v",
    "title": "KoolAir PM500-115V Marine HVAC Pump | KoolAir",
    "metaDescription": "Discover the KoolAir PM500-115V, a fully submersible marine HVAC pump with ISO 8846 Marine Ignition Protection."
  },
  {
    "uri": "/sign-up",
    "title": "Sign Up for KoolAir Account | KoolAir",
    "metaDescription": "Join KoolAir today by signing up for an account. Access exclusive content and stay updated with marine HVAC solutions."
  },
  {
    "uri": "/products/kat1000-23",
    "title": "KOOLAIR TPM1000 / SPM1000 Rubber O-Ring | KoolAir",
    "metaDescription": "Upgrade your KOOLAIR TPM1000 / SPM1000 pump with a rubber O-ring for improved sealing. Enhance your marine HVAC system with this high-quality component."
  },
  {
    "uri": "/products/koolair-pm1000-115v",
    "title": "KoolAir PM1000-115V Marine HVAC Pump | KoolAir",
    "metaDescription": "Discover the KoolAir PM1000-115V, a marine HVAC coolant pump with run-dry protection. It offers 17.2 GPM flow and is ETL-Certified and UL Recognized."
  },
  {
    "uri": "/products/koolair-spm1000-230v",
    "title": "KoolAir SPM1000-230V Marine HVAC Pump | KoolAir",
    "metaDescription": "Discover the Koolair SPM1000-230V, a submersible marine HVAC coolant pump with run-dry protection and ISO 8846 Marine Ignition Protection."
  },
  {
    "uri": "/products/pm300-12",
    "title": "KoolAir PM300-12 12V Brushless DC Pump | KoolAir",
    "metaDescription": "Explore the KoolAir PM300-12, a 12V brushless DC pump with continuous duty and a max flow rate of 300 GPH. Ideal for marine HVAC applications."
  },
  {
    "uri": "/forgot-password",
    "title": "Forgot Password - KoolAir",
    "metaDescription": "Reset your KoolAir account password. Enter your email to receive instructions for resetting your password securely."
  }
]